-- phpMyAdmin SQL Dump
-- version 5.1.3
-- https://www.phpmyadmin.net/
--
-- Host: 127.0.0.1
-- Waktu pembuatan: 07 Feb 2023 pada 08.17
-- Versi server: 10.4.24-MariaDB
-- Versi PHP: 7.4.29

SET SQL_MODE = "NO_AUTO_VALUE_ON_ZERO";
START TRANSACTION;
SET time_zone = "+00:00";


/*!40101 SET @OLD_CHARACTER_SET_CLIENT=@@CHARACTER_SET_CLIENT */;
/*!40101 SET @OLD_CHARACTER_SET_RESULTS=@@CHARACTER_SET_RESULTS */;
/*!40101 SET @OLD_COLLATION_CONNECTION=@@COLLATION_CONNECTION */;
/*!40101 SET NAMES utf8mb4 */;

--
-- Database: `toko`
--

-- --------------------------------------------------------

--
-- Struktur dari tabel `admin`
--

CREATE TABLE `admin` (
  `id_admin` int(11) NOT NULL,
  `username` varchar(255) NOT NULL,
  `password` varchar(100) NOT NULL
) ENGINE=InnoDB DEFAULT CHARSET=latin1;

--
-- Dumping data untuk tabel `admin`
--

INSERT INTO `admin` (`id_admin`, `username`, `password`) VALUES
(1, 'admin', 'admin');

-- --------------------------------------------------------

--
-- Struktur dari tabel `kategori`
--

CREATE TABLE `kategori` (
  `id_kategori` int(11) NOT NULL,
  `nama_kategori` varchar(255) NOT NULL
) ENGINE=InnoDB DEFAULT CHARSET=latin1;

--
-- Dumping data untuk tabel `kategori`
--

INSERT INTO `kategori` (`id_kategori`, `nama_kategori`) VALUES
(1, 'Baju'),
(2, 'Laptop'),
(3, 'HP');

-- --------------------------------------------------------

--
-- Struktur dari tabel `komentar`
--

CREATE TABLE `komentar` (
  `id_komentar` int(11) NOT NULL,
  `id_pelanggan` int(11) NOT NULL,
  `id_produk` int(11) NOT NULL,
  `komentar` text NOT NULL,
  `tgl_komentar` datetime NOT NULL
) ENGINE=InnoDB DEFAULT CHARSET=latin1;

-- --------------------------------------------------------

--
-- Struktur dari tabel `pelanggan`
--

CREATE TABLE `pelanggan` (
  `id_pelanggan` int(11) NOT NULL,
  `nama_pelanggan` varchar(255) NOT NULL,
  `email_pelanggan` varchar(255) NOT NULL,
  `password_pelanggan` varchar(11) NOT NULL,
  `telepon_pelanggan` varchar(12) NOT NULL,
  `alamat` text NOT NULL,
  `fotoprofil` varchar(255) NOT NULL
) ENGINE=InnoDB DEFAULT CHARSET=latin1;

--
-- Dumping data untuk tabel `pelanggan`
--

INSERT INTO `pelanggan` (`id_pelanggan`, `nama_pelanggan`, `email_pelanggan`, `password_pelanggan`, `telepon_pelanggan`, `alamat`, `fotoprofil`) VALUES
(0, 'user', 'user@gmail.com', 'user', '085353535', 'banget', 'Untitled.jpg');

-- --------------------------------------------------------

--
-- Struktur dari tabel `pembayaran`
--

CREATE TABLE `pembayaran` (
  `id_pembayaran` int(11) NOT NULL,
  `id_pembelian` int(11) NOT NULL,
  `nama` varchar(255) NOT NULL,
  `bank` varchar(255) NOT NULL,
  `jumlah` int(11) NOT NULL,
  `tanggal` datetime NOT NULL,
  `bukti` varchar(255) NOT NULL
) ENGINE=InnoDB DEFAULT CHARSET=latin1;

-- --------------------------------------------------------

--
-- Struktur dari tabel `pembelian`
--

CREATE TABLE `pembelian` (
  `id_pembelian` int(11) NOT NULL,
  `id_pelanggan` int(11) NOT NULL,
  `tanggal_pembelian` datetime NOT NULL,
  `status_pembelian` varchar(255) NOT NULL DEFAULT 'belum bayar',
  `total_pembelian` int(11) NOT NULL,
  `totalberat` int(11) NOT NULL,
  `alamatpengiriman` text NOT NULL,
  `provinsi` varchar(255) NOT NULL,
  `distrik` varchar(255) NOT NULL,
  `tipe` varchar(255) NOT NULL,
  `kodepos` int(11) NOT NULL,
  `paket` varchar(255) NOT NULL,
  `ongkir` int(11) NOT NULL,
  `estimasi` varchar(255) NOT NULL,
  `resipengiriman` varchar(100) NOT NULL,
  `ekspedisi` varchar(100) NOT NULL
) ENGINE=InnoDB DEFAULT CHARSET=latin1;

--
-- Dumping data untuk tabel `pembelian`
--

INSERT INTO `pembelian` (`id_pembelian`, `id_pelanggan`, `tanggal_pembelian`, `status_pembelian`, `total_pembelian`, `totalberat`, `alamatpengiriman`, `provinsi`, `distrik`, `tipe`, `kodepos`, `paket`, `ongkir`, `estimasi`, `resipengiriman`, `ekspedisi`) VALUES
(2, 0, '2020-12-01 00:00:00', 'belum bayar', 2154000, 2000, 'balan', 'Kalimantan Barat', 'Pontianak', 'Kabupaten', 78971, 'REG', 154000, '4', '', ''),
(3, 0, '2020-12-02 00:00:00', 'belum bayar', 318000, 2000, '', 'Jawa Timur', 'Lumajang', 'Kabupaten', 67319, 'Paket Kilat Khusus', 118000, '8-9 HARI', '', ''),
(4, 0, '2023-02-06 00:00:00', 'belum bayar', 200000, 2000, '', '', '', '', 0, '', 0, '', '', ''),
(5, 0, '2023-02-06 00:00:00', 'belum bayar', 2000000, 2000, 'jl.alai', 'Riau', 'Kepulauan Meranti', 'Kabupaten', 28791, '', 0, '', '', ''),
(6, 0, '2023-02-07 00:00:00', 'belum bayar', 2000000, 200, 'sonde', 'Riau', 'Kepulauan Meranti', 'Kabupaten', 28791, '', 0, '', '', '');

-- --------------------------------------------------------

--
-- Struktur dari tabel `pembelian_produk`
--

CREATE TABLE `pembelian_produk` (
  `id_pembelian_produk` int(11) NOT NULL,
  `id_pembelian` int(11) NOT NULL,
  `id_pelanggan` int(11) NOT NULL,
  `id_produk` int(11) NOT NULL,
  `nama` varchar(255) NOT NULL,
  `harga` int(11) NOT NULL,
  `berat` int(11) NOT NULL,
  `subberat` int(11) NOT NULL,
  `subharga` int(11) NOT NULL,
  `jumlah` int(11) NOT NULL
) ENGINE=InnoDB DEFAULT CHARSET=latin1;

--
-- Dumping data untuk tabel `pembelian_produk`
--

INSERT INTO `pembelian_produk` (`id_pembelian_produk`, `id_pembelian`, `id_pelanggan`, `id_produk`, `nama`, `harga`, `berat`, `subberat`, `subharga`, `jumlah`) VALUES
(1, 1, 0, 2, 'Laptop Lenovo', 200000, 2000, 2000, 200000, 1),
(2, 2, 0, 1, 'Laptop Acer Thinkpad', 2000000, 2000, 2000, 2000000, 1),
(3, 3, 0, 2, 'Laptop Lenovo', 200000, 2000, 2000, 200000, 1),
(4, 4, 0, 2, 'Laptop Lenovo', 200000, 2000, 2000, 200000, 1),
(5, 5, 0, 1, 'Laptop Acer Thinkpad', 2000000, 2000, 2000, 2000000, 1),
(6, 6, 0, 3, 'HP Samsung J2 Prime', 2000000, 200, 200, 2000000, 1);

-- --------------------------------------------------------

--
-- Struktur dari tabel `produk`
--

CREATE TABLE `produk` (
  `id_produk` int(11) NOT NULL,
  `id_kategori` int(11) NOT NULL,
  `nama_produk` varchar(255) NOT NULL,
  `harga_produk` int(11) NOT NULL,
  `berat_produk` int(11) NOT NULL,
  `stok_produk` varchar(255) NOT NULL,
  `foto_produk` varchar(255) NOT NULL,
  `deskripsi_produk` varchar(255) NOT NULL
) ENGINE=InnoDB DEFAULT CHARSET=latin1;

--
-- Dumping data untuk tabel `produk`
--

INSERT INTO `produk` (`id_produk`, `id_kategori`, `nama_produk`, `harga_produk`, `berat_produk`, `stok_produk`, `foto_produk`, `deskripsi_produk`) VALUES
(1, 2, 'Laptop Acer Thinkpad', 2000000, 2000, '98', 'acer 3.jpg', '<p>bagus</p>\r\n'),
(2, 2, 'Laptop Lenovo', 200000, 2000, '1997', 'lenovo.2jpeg.jpeg', '<p>bagus</p>\r\n'),
(3, 3, 'HP Samsung J2 Prime', 2000000, 200, '99', 'samsung 1.jpg', '<p>hp</p>\r\n'),
(4, 3, 'HP Vivo 2020', 3500000, 400, '50', 'y12.jpg', '<p>v</p>\r\n');

-- --------------------------------------------------------

--
-- Struktur dari tabel `produk_foto`
--

CREATE TABLE `produk_foto` (
  `id_produk_foto` int(11) NOT NULL,
  `id_produk` int(11) NOT NULL,
  `nama_produk_foto` varchar(255) NOT NULL
) ENGINE=InnoDB DEFAULT CHARSET=latin1;

--
-- Dumping data untuk tabel `produk_foto`
--

INSERT INTO `produk_foto` (`id_produk_foto`, `id_produk`, `nama_produk_foto`) VALUES
(1, 1, 'acer 3.jpg'),
(2, 1, 'acer.jpg'),
(3, 2, 'lenovo.2jpeg.jpeg'),
(4, 2, 'lenovo.jpeg'),
(5, 3, 'samsung 1.jpg'),
(6, 3, 'samsung 2.jpg'),
(7, 4, 'y12.jpg'),
(8, 4, 'y121.jpg');

-- --------------------------------------------------------

--
-- Struktur dari tabel `tema`
--

CREATE TABLE `tema` (
  `id_tema` int(11) NOT NULL,
  `tema` varchar(255) NOT NULL
) ENGINE=InnoDB DEFAULT CHARSET=latin1;

--
-- Dumping data untuk tabel `tema`
--

INSERT INTO `tema` (`id_tema`, `tema`) VALUES
(1, '202012010944144.jpg'),
(2, '202012010944383.png'),
(3, '20201201094450202010201327542.jpg'),
(4, '2020120109450120201021043625e30d969dba4d175d9d479b54fe5ed1ebe36ea528_hq.gif');

-- --------------------------------------------------------

--
-- Struktur dari tabel `toko`
--

CREATE TABLE `toko` (
  `id_toko` int(11) NOT NULL,
  `id_admin` int(11) NOT NULL,
  `namatoko` varchar(255) NOT NULL,
  `email` varchar(255) NOT NULL,
  `telepon` varchar(12) NOT NULL,
  `provinsi` varchar(255) NOT NULL,
  `tipe` varchar(255) NOT NULL,
  `distrik` varchar(255) NOT NULL,
  `alamat` text NOT NULL,
  `fotoprofil` varchar(255) NOT NULL
) ENGINE=InnoDB DEFAULT CHARSET=latin1;

--
-- Dumping data untuk tabel `toko`
--

INSERT INTO `toko` (`id_toko`, `id_admin`, `namatoko`, `email`, `telepon`, `provinsi`, `tipe`, `distrik`, `alamat`, `fotoprofil`) VALUES
(1, 1, 'Toko Klontong', 'admin@admin.com', '08656455343', 'Jawa Timur', 'Kabupaten', 'Lamongan', 'Babat', 'DSC_0170 bw');

--
-- Indexes for dumped tables
--

--
-- Indeks untuk tabel `admin`
--
ALTER TABLE `admin`
  ADD PRIMARY KEY (`id_admin`);

--
-- Indeks untuk tabel `kategori`
--
ALTER TABLE `kategori`
  ADD PRIMARY KEY (`id_kategori`);

--
-- Indeks untuk tabel `komentar`
--
ALTER TABLE `komentar`
  ADD PRIMARY KEY (`id_komentar`);

--
-- Indeks untuk tabel `pelanggan`
--
ALTER TABLE `pelanggan`
  ADD PRIMARY KEY (`id_pelanggan`);

--
-- Indeks untuk tabel `pembayaran`
--
ALTER TABLE `pembayaran`
  ADD PRIMARY KEY (`id_pembayaran`);

--
-- Indeks untuk tabel `pembelian`
--
ALTER TABLE `pembelian`
  ADD PRIMARY KEY (`id_pembelian`);

--
-- Indeks untuk tabel `pembelian_produk`
--
ALTER TABLE `pembelian_produk`
  ADD PRIMARY KEY (`id_pembelian_produk`);

--
-- Indeks untuk tabel `produk`
--
ALTER TABLE `produk`
  ADD PRIMARY KEY (`id_produk`);

--
-- Indeks untuk tabel `produk_foto`
--
ALTER TABLE `produk_foto`
  ADD PRIMARY KEY (`id_produk_foto`);

--
-- Indeks untuk tabel `tema`
--
ALTER TABLE `tema`
  ADD PRIMARY KEY (`id_tema`);

--
-- Indeks untuk tabel `toko`
--
ALTER TABLE `toko`
  ADD PRIMARY KEY (`id_toko`);

--
-- AUTO_INCREMENT untuk tabel yang dibuang
--

--
-- AUTO_INCREMENT untuk tabel `admin`
--
ALTER TABLE `admin`
  MODIFY `id_admin` int(11) NOT NULL AUTO_INCREMENT, AUTO_INCREMENT=2;

--
-- AUTO_INCREMENT untuk tabel `kategori`
--
ALTER TABLE `kategori`
  MODIFY `id_kategori` int(11) NOT NULL AUTO_INCREMENT, AUTO_INCREMENT=4;

--
-- AUTO_INCREMENT untuk tabel `komentar`
--
ALTER TABLE `komentar`
  MODIFY `id_komentar` int(11) NOT NULL AUTO_INCREMENT;

--
-- AUTO_INCREMENT untuk tabel `pembayaran`
--
ALTER TABLE `pembayaran`
  MODIFY `id_pembayaran` int(11) NOT NULL AUTO_INCREMENT;

--
-- AUTO_INCREMENT untuk tabel `pembelian`
--
ALTER TABLE `pembelian`
  MODIFY `id_pembelian` int(11) NOT NULL AUTO_INCREMENT, AUTO_INCREMENT=7;

--
-- AUTO_INCREMENT untuk tabel `pembelian_produk`
--
ALTER TABLE `pembelian_produk`
  MODIFY `id_pembelian_produk` int(11) NOT NULL AUTO_INCREMENT, AUTO_INCREMENT=7;

--
-- AUTO_INCREMENT untuk tabel `produk`
--
ALTER TABLE `produk`
  MODIFY `id_produk` int(11) NOT NULL AUTO_INCREMENT, AUTO_INCREMENT=5;

--
-- AUTO_INCREMENT untuk tabel `produk_foto`
--
ALTER TABLE `produk_foto`
  MODIFY `id_produk_foto` int(11) NOT NULL AUTO_INCREMENT, AUTO_INCREMENT=9;

--
-- AUTO_INCREMENT untuk tabel `tema`
--
ALTER TABLE `tema`
  MODIFY `id_tema` int(11) NOT NULL AUTO_INCREMENT, AUTO_INCREMENT=5;

--
-- AUTO_INCREMENT untuk tabel `toko`
--
ALTER TABLE `toko`
  MODIFY `id_toko` int(11) NOT NULL AUTO_INCREMENT, AUTO_INCREMENT=2;
COMMIT;

/*!40101 SET CHARACTER_SET_CLIENT=@OLD_CHARACTER_SET_CLIENT */;
/*!40101 SET CHARACTER_SET_RESULTS=@OLD_CHARACTER_SET_RESULTS */;
/*!40101 SET COLLATION_CONNECTION=@OLD_COLLATION_CONNECTION */;
